{
    "niter": 12875,
    "logz": -136.05090307689304,
    "logzerr": 0.3674832980073887,
    "logz_bs": -136.0818757086053,
    "logz_single": -136.05090307689304,
    "logzerr_tail": 0.009942623014154606,
    "logzerr_bs": 0.36734876964811747,
    "ess": 2850.7158057343954,
    "H": 22.674210604158475,
    "Herr": 0.19197589399466017,
    "posterior": {
        "mean": [
            1.1159446830160424,
            5.655069973017677,
            55.494786958953625,
            8.0022632524155,
            29.842925995781194,
            2.641429718167102,
            0.20232037533810104,
            20.48293113283384
        ],
        "stdev": [
            0.1485231511990248,
            0.508385972744373,
            2.1313011396946573,
            0.2649733480344888,
            16.631869199073467,
            0.06227739675594821,
            0.002227387232075978,
            3.983867914076147
        ],
        "median": [
            1.1121601114090545,
            5.534431477258032,
            55.61423711772206,
            8.001179159399275,
            31.29289835910895,
            2.64131581609346,
            0.20167272295125005,
            21.455792353129056
        ],
        "errlo": [
            0.9605991254428012,
            5.168844927184836,
            53.56077692355773,
            7.737523196670975,
            9.543806854611184,
            2.5785630498712813,
            0.20041994827772322,
            17.260234000108884
        ],
        "errup": [
            1.2685170234277199,
            6.161317750482181,
            57.50332037158085,
            8.266601081023255,
            49.00214111062951,
            2.7037356487553525,
            0.2043054778766703,
            23.976742051332884
        ],
        "information_gain_bits": [
            2.240875213786758,
            2.3428868617669214,
            2.1638819871054475,
            3.736888281794291,
            -1.6562401562520566,
            3.416549327875598,
            4.146479193110868,
            -3.5977011631782947
        ]
    },
    "maximum_likelihood": {
        "logl": -109.36889405409705,
        "point": [
            1.153883428104323,
            5.115285926890957,
            56.95219279280855,
            7.85657000444092,
            46.65871427809512,
            2.6400905101524765,
            0.20001048338283356,
            24.095754285472495
        ],
        "point_untransformed": [
            0.21507825063353528,
            0.00720537043068483,
            0.5216910310312062,
            0.13993000009063103,
            0.4611991341221729,
            0.10668175169207943,
            5.824101574191726e-06,
            0.9606849689335868
        ]
    },
    "ncall": 2138249,
    "paramnames": [
        "m200",
        "c200",
        "mdstar",
        "mdbul",
        "mdgas",
        "rdstar",
        "rdbul",
        "rdgas"
    ],
    "logzerr_single": 0.2380872245845967,
    "insertion_order_MWW_test": {
        "independent_iterations": Infinity,
        "converged": true
    }
}