{
    "niter": 14858,
    "logz": -108.6000194062194,
    "logzerr": 0.40667739927942187,
    "logz_bs": -108.60574210132154,
    "logz_single": -108.6000194062194,
    "logzerr_tail": 0.009947398737253366,
    "logzerr_bs": 0.40655572353988134,
    "ess": 3350.0082480322094,
    "H": 26.941104375710992,
    "Herr": 0.1911072647024115,
    "posterior": {
        "mean": [
            0.7103023058844767,
            9.551931814796841,
            48.15511917832278,
            8.263145735203446,
            39.35173976359212,
            2.793672750968466,
            0.20342284322673787,
            7.841051396937072
        ],
        "stdev": [
            0.07576317627628787,
            1.424688381449166,
            4.072794189811026,
            0.2795132133156159,
            8.120283932512137,
            0.09610340099072019,
            0.003242856776858122,
            1.5321071952915581
        ],
        "median": [
            0.7084303102183812,
            9.398091359280698,
            48.24138760885076,
            8.25196378426909,
            40.34654294605011,
            2.790534946161559,
            0.20245176659175754,
            7.608198111727463
        ],
        "errlo": [
            0.6330666582861354,
            8.232555100458775,
            43.94474312726276,
            7.990961498009441,
            31.394784378202424,
            2.6949911457202838,
            0.2006296020210206,
            6.4322547577223785
        ],
        "errup": [
            0.7861536456110209,
            10.856655412171104,
            52.26594463755631,
            8.530489088136854,
            47.137506364490825,
            2.8907974809390864,
            0.2062434136089078,
            9.159290574164993
        ],
        "information_gain_bits": [
            3.094798320551624,
            -1.5460267985376572,
            1.4193220344152682,
            3.789800570800794,
            -0.7462596145122241,
            3.1189349577439396,
            4.1464791696270815,
            -0.8039088299590478
        ]
    },
    "maximum_likelihood": {
        "logl": -76.92922167266833,
        "point": [
            0.7073542348015056,
            8.817117474841584,
            44.037148681457914,
            8.077100886248637,
            44.032420686230104,
            2.667792761619421,
            0.20033858766403634,
            6.622837478646044
        ],
        "point_untransformed": [
            0.12394984383704195,
            0.23856984217759905,
            0.37819054090508797,
            0.14443063033160483,
            0.4346709160225263,
            0.11129879360323679,
            0.00018810425779796519,
            0.20099293385417583
        ]
    },
    "ncall": 3828032,
    "paramnames": [
        "m200",
        "c200",
        "mdstar",
        "mdbul",
        "mdgas",
        "rdstar",
        "rdbul",
        "rdgas"
    ],
    "logzerr_single": 0.2595241047364916,
    "insertion_order_MWW_test": {
        "independent_iterations": Infinity,
        "converged": true
    }
}