{
    "niter": 14223,
    "logz": -107.3150723170561,
    "logzerr": 0.35750478761853915,
    "logz_bs": -107.28088960248874,
    "logz_single": -107.3150723170561,
    "logzerr_tail": 0.009945537576186325,
    "logzerr_bs": 0.3573664218312871,
    "ess": 3240.075383403059,
    "H": 25.60524079230308,
    "Herr": 0.20444275473242202,
    "posterior": {
        "mean": [
            0.7164081777149608,
            10.039058809573445,
            44.47735666487616,
            8.809777563105655,
            36.60523601310556,
            2.7476646751013667,
            0.21515153683135507,
            7.195933863403048
        ],
        "stdev": [
            0.06789156574685193,
            1.45951168159975,
            6.077199706639835,
            0.3968281279742957,
            7.150312599302227,
            0.12661280936464175,
            0.010121624030313702,
            1.9577757925651464
        ],
        "median": [
            0.7113712100993888,
            9.858447319672614,
            45.13554393917764,
            8.788767538179275,
            36.860551072364935,
            2.7434557692535124,
            0.21374128392599917,
            6.790451306203482
        ],
        "errlo": [
            0.6579902892724103,
            8.593161441782964,
            37.32156322903862,
            8.414964057917514,
            30.343845738246532,
            2.6118573763977246,
            0.20442940577379218,
            5.47842464698585
        ],
        "errup": [
            0.7786969718168439,
            11.660356642216456,
            50.51845800187604,
            9.215280385268027,
            43.423358113071,
            2.876003181226645,
            0.22590349202712234,
            8.745054469708826
        ],
        "information_gain_bits": [
            3.0961531777802223,
            -0.9700802287178328,
            0.7287293640473601,
            3.6061185073700175,
            -0.5595331359073223,
            2.8551637558744263,
            3.960450921363882,
            -1.4925595525946063
        ]
    },
    "maximum_likelihood": {
        "logl": -77.19635272235821,
        "point": [
            0.7517052317715072,
            8.346023009797111,
            44.63708587432335,
            8.493745706921908,
            43.942380034946005,
            2.681120104391643,
            0.20244721347314146,
            6.665695121490344
        ],
        "point_untransformed": [
            0.13300106770847084,
            0.2091264381123195,
            0.38485650971470386,
            0.15293358585554914,
            0.4337614144944041,
            0.11352001739860709,
            0.0013595630406341413,
            0.20285630963001497
        ]
    },
    "ncall": 995796,
    "paramnames": [
        "m200",
        "c200",
        "mdstar",
        "mdbul",
        "mdgas",
        "rdstar",
        "rdbul",
        "rdgas"
    ],
    "logzerr_single": 0.25300810655146544,
    "insertion_order_MWW_test": {
        "independent_iterations": Infinity,
        "converged": true
    }
}