{
    "niter": 10892,
    "logz": -21.86436643604026,
    "logzerr": 0.309794632372957,
    "logz_bs": -21.900515441854346,
    "logz_single": -21.86436643604026,
    "logzerr_tail": 0.00995240913430706,
    "logzerr_bs": 0.3096347264108452,
    "ess": 2599.5088706149136,
    "H": 18.07579214432949,
    "Herr": 0.13331712546539892,
    "posterior": {
        "mean": [
            0.6978040978935888,
            9.400512378498314,
            62.96617889033975,
            9.076397109449465,
            35.107184749054696,
            3.1189870082171014,
            0.21855342660178265,
            14.167987349611439
        ],
        "stdev": [
            0.04703457704537319,
            1.4457229917369352,
            9.837878949820846,
            0.40480730803909953,
            16.671425452537534,
            0.259479059831128,
            0.006185345609647656,
            5.328574302024844
        ],
        "median": [
            0.6997393814680233,
            9.319154349175827,
            63.47112079246709,
            9.078173389757481,
            35.31356551871851,
            3.1167906209365457,
            0.21840226494320125,
            13.666979610755776
        ],
        "errlo": [
            0.6494063586755523,
            7.94575341314883,
            53.21840843840779,
            8.66409442900106,
            16.922038714407996,
            2.859002699411686,
            0.2123072299839818,
            8.463476042101203
        ],
        "errup": [
            0.7434114302341244,
            10.832675626161398,
            72.55019559406102,
            9.480172064096276,
            52.663385541559144,
            3.3839389328796345,
            0.2247904032250127,
            20.30774458889321
        ],
        "information_gain_bits": [
            3.4981143820942084,
            -1.289416585570193,
            -2.209271084598084,
            3.5956643209842998,
            -3.273062078622776,
            1.3482310900003123,
            4.136326043249165,
            -4.748274511500528
        ]
    },
    "maximum_likelihood": {
        "logl": -0.15333934037286961,
        "point": [
            0.6859324152543356,
            8.699048400908206,
            55.066619362258734,
            8.95978742240138,
            48.2265587673,
            2.873371339381126,
            0.21739321188337363,
            9.713014546272463
        ],
        "point_untransformed": [
            0.11957804392945624,
            0.23119052505676285,
            0.5007402151362081,
            0.16244464127349756,
            0.4770359471444444,
            0.1455618898968543,
            0.009662895490763112,
            0.33534845853358536
        ]
    },
    "ncall": 467069,
    "paramnames": [
        "m200",
        "c200",
        "mdstar",
        "mdbul",
        "mdgas",
        "rdstar",
        "rdbul",
        "rdgas"
    ],
    "logzerr_single": 0.21257817470479826,
    "insertion_order_MWW_test": {
        "independent_iterations": Infinity,
        "converged": true
    }
}